planet,geometry,column,area_fraction,insolation_factor,T_K,albedo,cloud_fraction,ice_fraction,ocean_fraction,desert_fraction,local_water_kg_m2,local_ocean_kg_m2,local_ice_kg_m2,absorbed_W_m2,surface_RH,precipitable_water_kg_m2,cloud_base_m,cloud_top_m,cloud_water_kg_m2,methane_cloud_kg_m2,methane_cloud_base_m,co2_cloud_kg_m2,co2_cloud_base_m,cold_trap_h2o_x
Earth,latitude,equator,0.5,1.24,322.7388091776794,0.3293951616198626,0.5312473875729924,0.0,1.0,0.0,365114.460471196,365114.460471196,0.0,282.9348873609638,0.78,387.6390184438745,1198.9242017300744,17571.260501956196,11.300748469390696,0.0,0.0,0.0,0.0,0.03156944742307616
Earth,latitude,midlatitude,0.366,0.88,312.5167776866681,0.2793979436755769,0.420142458807913,0.0,1.0,0.0,410387.63035059394,410387.63035059394,0.0,215.76266770465878,0.78,194.78735396475807,1160.95095340383,16712.27962113806,9.480718585145516,0.0,0.0,0.0,0.0,0.0043072908978638805
Earth,latitude,pole,0.134,0.3,283.83293432430605,0.15621569011378758,0.14289924722431932,0.0,0.9865082492883578,0.013491750711642214,650574.3013446258,641796.9150514833,0.0,86.12928343163514,0.7708256095160833,21.396864648636647,1054.3949612893593,13951.80843035212,2.56789812491182,0.0,0.0,0.0,0.0,1.281979723255085e-06
Mars,latitude,equator,0.5,1.24,222.48846805599453,0.6331212593044852,0.15488478542656947,0.9999987246431102,0.0,1.2753568897627687e-06,33930.711262361685,0.0,33930.667988595305,66.64719203474722,0.3799996429000708,0.08837379031797576,2966.6618969009014,20809.341321543056,0.01096119948167787,0.0,0.0,61.227687426570355,7748.122480924424,1.9389841632109847e-07
Mars,latitude,midlatitude,0.366,0.88,217.07202238220214,0.6331216725851102,0.15488478542656947,0.9999998898188615,0.0,1.1018113854621703e-07,40052.85027804088,0.0,40052.84586497224,47.29795397032759,0.37999996914928125,0.04725364405057609,2187.0593415078624,20600.306974705207,0.005759263256050606,0.0,0.0,120.02347306656142,6276.290724995673,1.773454961076823e-07
Mars,latitude,pole,0.134,0.3,202.79966435516837,0.6331217116835827,0.15488478542656947,0.9999999999840344,0.0,1.5965562205622064e-11,62151.47452915499,0.0,62151.47452816271,16.12430077150654,0.37999999999552964,0.012147839159996428,2043.2614738424982,20279.29393058446,0.0005893643554461533,0.0,0.0,228.760619863735,2043.2614738424982,1.6353097728174744e-07
Venus,latitude,equator,0.5,1.24,450.63993533328687,0.34471754331028515,0.5963597075932259,0.0,0.9999681941567415,3.180584325845892e-05,25889.651336977924,25888.827894785485,0.0,530.1890357076483,0.7799783720265843,50901.76594009161,3698.9478797670336,35373.62085345295,607.602193533727,0.0,0.0,0.0,0.0,0.09482068487118069
Venus,latitude,midlatitude,0.366,0.88,444.09361514521106,0.34471771707794596,0.5963602790534189,0.0,0.9999706960282755,2.930397172451471e-05,26094.468743473266,26093.70407189904,0.0,376.26308685384345,0.7799800732992274,42139.98366289137,3645.2142994041424,34768.29067004235,655.3469803903602,0.0,0.0,0.0,0.0,0.06906723464437087
Venus,latitude,pole,0.134,0.3,426.84398162184846,0.3447182633441414,0.5963620755240924,0.0,0.9999786432302737,2.135676972625511e-05,26885.354463376363,26884.78027905208,0.0,128.2713999503843,0.7799854773965862,24458.510414711007,3503.6256599046037,33056.960346870765,684.3732314747223,0.0,0.0,0.0,0.0,0.022725821676243617
Moon,latitude,equator,0.5,1.24,274.44556809686003,0.22369698981696542,0.07115032857613635,0.0003471256829464801,0.0033508470334993505,0.9963020272835542,27.008369258105674,0.09050091400817845,0.009375298623990651,327.53000302632415,0.10237577117400458,18.415078768714285,21084.918991432467,63145.490590233036,0.2239118953875616,0.0,0.0,0.0,0.0,0.04135593012436397
Moon,latitude,midlatitude,0.366,0.88,253.7758779795989,0.22897316077752491,0.07115032857613635,0.012331911685880728,0.0,0.9876680883141192,37.63087998729607,0.0,0.46406068866531164,230.8608561999935,0.1034529352720466,2.8319596486307024,17659.494735002954,57005.693876905534,0.11199131679886928,0.0,0.0,0.0,0.0,0.0002022963743995165
Moon,latitude,pole,0.134,0.3,198.9466838510211,0.25496982677923846,0.07115032857613635,0.07660349206232975,0.0,0.9233965079376703,199.24137665078212,0.0,15.26258521475584,76.04895493150924,0.12144897777745234,0.004606272439986176,10906.313916977562,42667.42413262921,0.0004003050099616695,0.0,0.0,0.0,0.0,3.1506327010180575e-10
Titan,latitude,equator,0.5,1.24,71.24153317619471,0.6937658196936128,0.13509268861483814,1.0,0.0,0.0,86077705.26129848,0.0,86077705.26129848,1.4239889384247004,0.38,0.0,0.0,0.0,0.0,20.275397721665627,0.0,1.4101956639528982e-08,0.0,0.0
Titan,latitude,midlatitude,0.366,0.88,68.09902588000485,0.6937658196936128,0.13509268861483814,1.0,0.0,0.0,94958069.19836868,0.0,94958069.19836868,1.0105727950110777,0.38,0.0,0.0,0.0,0.0,21.94384175668515,0.0,1.4904608575091115e-08,0.0,0.0
Titan,latitude,pole,0.134,0.3,59.81847776018857,0.6937658196936128,0.13509268861483814,1.0,0.0,0.0,122997243.8686511,0.0,122997243.8686511,0.34451345284468554,0.38,0.0,0.0,0.0,0.0,23.21025668587967,0.0,1.5018048441317163e-08,0.0,0.0
Triton,latitude,equator,0.5,1.24,41.82930002361588,0.6192143557781336,0.0655750020166647,1.0,0.0,0.0,169281685.26263446,0.0,169281685.26263446,0.1782457600602557,0.38,0.0,0.0,0.0,0.0,0.008399118617386306,0.0,0.0,0.0,0.0
Triton,latitude,midlatitude,0.366,0.88,38.72621392380745,0.6192143557781336,0.0655750020166647,1.0,0.0,0.0,169281685.26263446,0.0,169281685.26263446,0.12649699101050405,0.38,0.0,0.0,0.0,0.0,0.008521493448613214,0.0,0.0,0.0,0.0
Triton,latitude,pole,0.134,0.3,30.970289821048397,0.6192143557781336,0.0655750020166647,1.0,0.0,0.0,169281685.26263446,0.0,169281685.26263446,0.04312397420812637,0.38,0.0,0.0,0.0,0.0,0.008549282191227083,0.0,0.0,0.0,0.0
Super Titan,latitude,equator,0.5,1.24,80.11028763330918,0.603603399903912,0.17617115629357033,1.0,0.0,0.0,510435853.5525419,0.0,510435853.5525419,1.8432441904468093,0.38,0.0,0.0,0.0,0.0,5.839772354852968,22522.745974848436,1.344373074767199e-07,8773.01633168098,0.0
Super Titan,latitude,midlatitude,0.366,0.88,78.84885228549567,0.603603399903912,0.17617115629357033,1.0,0.0,0.0,530953694.56537247,0.0,530953694.56537247,1.3081087803170903,0.38,0.0,0.0,0.0,0.0,6.614721586002577,20018.051872999436,1.42647182160999e-07,6225.926342014197,0.0
Super Titan,latitude,pole,0.134,0.3,75.52495352787889,0.603603399903912,0.17617115629357033,1.0,0.0,0.0,589056479.5772364,0.0,589056479.5772364,0.44594617510809903,0.38,0.0,0.0,0.0,0.0,8.665065313345723,12756.535905933215,1.6785987145974392e-07,0.0,0.0
Cold Water World,latitude,equator,0.5,1.24,224.18367218027183,0.702140603651836,0.1785939634816408,1.0,0.0,0.0,1478187619.5973113,0.0,1478187619.5973113,36.93456514717234,0.38,0.2876315343621096,6799.335813265406,61339.691738654015,0.04254902933695869,0.0,0.0,3483.637271351188,17375.085375582086,1.3929540065583708e-10
Cold Water World,latitude,midlatitude,0.366,0.88,220.6613153701217,0.702140603651836,0.1785939634816408,1.0,0.0,0.0,1646259186.548346,0.0,1646259186.548346,26.211626878638437,0.38,0.1922962431758216,6692.5051659955425,60623.288843921735,0.02842859104693983,0.0,0.0,3898.095680918217,15091.65942585679,6.971282904035765e-11
Cold Water World,latitude,pole,0.134,0.3,211.37985877749128,0.702140603651836,0.1785939634816408,1.0,0.0,0.0,2188839256.815126,0.0,2188839256.815126,8.935781890444922,0.38,0.06749961970284761,6411.005003223681,58907.29333792121,0.008828979967070877,0.0,0.0,4978.737548270317,8475.032429666047,1.168394618449905e-11
Migrated Hot Water World,latitude,equator,0.5,1.24,652.1769188590076,0.2843767114964807,0.2378145297085107,0.0,0.0,1.0,1558082924.9274247,0.0,0.0,2662.1186332330917,0.1,315660.3373751411,71834.67624876181,116165.26312239331,2144.645457259074,0.0,0.0,0.0,0.0,0.014566432892204814
Migrated Hot Water World,latitude,midlatitude,0.366,0.88,644.8105596484743,0.34711260035858715,0.5974145297085107,0.0,1.0,0.0,1628499998.356174,1628499998.356174,0.0,1723.62273505333,0.78,2030987.985555873,15167.183559163059,125515.5395682094,55139.26645594601,0.0,0.0,0.0,0.0,0.1998547732903007
Migrated Hot Water World,latitude,pole,0.134,0.3,618.8968275981291,0.34711260035858715,0.5974145297085107,0.0,1.0,0.0,1885363311.1684437,1885363311.1684437,0.0,587.5986596772716,0.78,1492435.3053341627,14557.642780356922,122487.42600292334,38934.01967708773,0.0,0.0,0.0,0.0,0.17620498961401784
Partial Melt World,latitude,equator,0.5,1.24,1413.3803204589813,0.25478784793518544,0.14437569632985875,0.0,0.0,1.0,0.0,0.0,0.0,184812.613712074,0.1,209.41303759055302,0.0,0.0,0.0,0.0,0.0,0.0,0.0,0.95
Partial Melt World,latitude,midlatitude,0.366,0.88,1312.7107621873342,0.25478784793518544,0.14437569632985875,0.0,0.0,1.0,0.0,0.0,0.0,131157.33876340734,0.1,209.41303759055302,0.0,0.0,0.0,0.0,0.0,0.0,0.0,0.95
Partial Melt World,latitude,pole,0.134,0.3,1047.4451500820815,0.25478784793518544,0.14437569632985875,0.0,0.0,1.0,0.0,0.0,0.0,44712.72912388887,0.1,209.41303759055302,0.0,0.0,0.0,0.0,0.0,0.0,0.0,0.95
Molten World,latitude,equator,0.5,1.24,2260.18466010472,0.2731822819366838,0.16603402740754614,0.0,0.0,1.0,0.0,0.0,0.0,901253.9703985121,0.1,760.0268900658936,0.0,0.0,0.0,0.0,0.0,0.0,0.0,0.95
Molten World,latitude,midlatitude,0.366,0.88,2117.483228119637,0.2731822819366838,0.16603402740754614,0.0,0.0,1.0,0.0,0.0,0.0,639599.5918957182,0.1,760.0268900658936,0.0,0.0,0.0,0.0,0.0,0.0,0.0,0.95
Molten World,latitude,pole,0.134,0.3,1741.4614120171457,0.2731822819366838,0.16603402740754614,0.0,0.0,1.0,0.0,0.0,0.0,218045.31541899487,0.1,760.0268900658936,0.0,0.0,0.0,0.0,0.0,0.0,0.0,0.95
Locked Earth,tidally_locked,substellar,0.35,2.2,329.33357265995346,0.3744874503177366,0.5419054343205668,0.0,0.5087770932471087,0.49122290675289126,1777.143172419081,904.1697375473254,0.0,468.22741906465825,0.44596842340803394,213.18926792394902,1984.426280096066,6763.203292362397,0.6995507741210849,0.0,0.0,0.0,0.0,0.18286603183993197
Locked Earth,tidally_locked,terminator,0.35,0.8,237.8546257933793,0.629885980566881,0.12128369144272358,0.9744701841942969,0.0,0.025529815805703127,9169.77065643128,0.0,8935.668100592047,100.74503608969498,0.37285165157440314,0.17557745847499312,1123.2914454961176,4677.638479795981,0.011136581260547044,0.0,0.0,0.0,0.0,3.0643737176250325e-06
Locked Earth,tidally_locked,antistellar,0.3,0.0,71.68624520478073,0.6392463796089818,0.12128369144272358,1.0,0.0,0.0,1593436.7628889754,0.0,1593436.7628889754,0.0,0.38,0.0,0.0,0.0,0.0,0.18295190183934176,523.9227865515961,97.32530692628903,0.0,0.0
Locked Wet Earth,tidally_locked,substellar,0.35,2.2,322.77101206743146,0.4007204629758788,0.7320950476417663,0.0,1.0,0.0,1016997.9449231355,1016997.9449231355,0.0,527.3659925812267,0.78,314.76304201809126,1597.9197739342574,35040.14496638695,63.109460438673295,0.0,0.0,339.2645505363331,25801.565454048487,3.0392390860651465e-10
Locked Wet Earth,tidally_locked,terminator,0.35,0.8,309.9157021292339,0.26077464979958703,0.42110435169445126,0.0,1.0,0.0,1182546.252536639,1182546.252536639,0.0,236.55211206413213,0.78,152.64385496918626,1534.2778941423755,33814.23924478584,33.20267786749776,0.0,0.0,462.59437003162105,22937.289213496337,1.0336602507537632e-10
Locked Wet Earth,tidally_locked,antistellar,0.3,0.0,261.39502514030124,0.4330076821351582,0.17918244022431745,0.5047715201527827,0.0,0.4952284798472173,2449926.038324636,0.0,1236652.890627011,0.0,0.24133602564277917,2.4986491713135948,3775.0043341389637,29478.222159427685,0.3476272804301775,0.0,0.0,1316.537740280439,12408.262367496314,8.865894024700132e-14
Desert World,latitude,equator,0.5,1.24,345.7901996163612,0.3428874133596224,0.17990539829812197,0.0,0.0,1.0,0.0,0.0,0.0,611.114705575551,0.1,100.35967713667127,3627.8749067770004,6876.181321620275,0.7426974601812403,0.0,0.0,0.0,0.0,0.0673931240825629
Desert World,latitude,midlatitude,0.366,0.88,326.8755494471647,0.34270850893189775,0.17909219635391888,0.0,0.0,1.0,0.0,0.0,0.0,433.8123841049475,0.1,39.8234603097599,3232.5158917212757,6500.769432091029,0.610716435322766,0.0,0.0,0.0,0.0,0.017633141440704252
Desert World,latitude,pole,0.134,0.3,277.7600772905924,0.3301274133596224,0.12190539829812197,0.0,0.0,1.0,0.0,0.0,0.0,150.72133199408498,0.1,1.6928753770756664,2233.504879411968,5392.357237361979,0.07441082815098435,0.0,0.0,0.0,0.0,1.9419303108373817e-05
