planet,layer_index,material,thickness_m,p_top_bar,p_bottom_bar,t_top_k,t_bottom_k,coupling_to_next
Earth,0,atmosphere,34829.49676484564,0,0.653491354201984,235.33811881621293,313.78415842161724,1.0
Earth,1,organic deposits,0.0021457178863502693,0.653491354201984,0.6536704567892891,313.78415842161724,313.78415842161724,0.2
Earth,2,liquid water,422.57801938772576,0.6536704567892891,42.15071966573056,313.78415842161724,320.12282871243315,0.85
Earth,3,solid silicate crust,35000.0,42.15071966573056,10868.671422078449,320.1228608982014,845.1228608982015,0.8
Mars,0,atmosphere,63965.91536417428,0,1.66809724970483,163.40081193260684,217.8677492434758,1.0
Mars,1,organic deposits,0.014492127274587988,1.66809724970483,1.6685545714907855,217.8677492434758,217.8677492434758,0.2
Mars,2,water ice Ih,43.43045756318778,1.6685545714907855,3.151936752890236,217.8677492434758,218.5192061069236,0.08
Mars,3,solid silicate crust,35000.0,3.151936752890236,4096.224309266036,218.51942348883273,743.5194234888327,0.8
Venus,0,atmosphere,54588.98288765545,0,22.363699025764248,333.79149326033877,445.05532434711836,1.0
Venus,1,organic deposits,0.16174638293576818,22.363699025764248,22.375916712897407,445.05532434711836,445.05532434711836,0.2
Venus,2,liquid water,313.43296799879823,22.375916712897407,50.22944213170672,445.05532434711836,449.7568188671003,0.85
Venus,3,solid silicate crust,35000.0,50.22944213170672,9847.702876500938,449.75924506284434,974.7592450628443,0.8
Moon,0,atmosphere,172311.7228177787,0,0.005870192449422978,192.57270826875003,256.76361102500005,1.0
Moon,1,organic deposits,4.3506082196506654e-05,0.005870192449422978,0.005870793089144858,256.76361102500005,256.76361102500005,0.2
Moon,2,water ice Ih,0.24866093797189712,0.005870793089144858,0.009586492237903789,256.76361102500005,256.76734093906964,0.08
Moon,3,solid silicate crust,35000.0,0.009586492237903789,1790.7133494934506,256.76734159166085,781.7673415916609,0.8
Titan,0,atmosphere,55204.1277703967,0,0.6436314540341174,51.4205145600333,68.56068608004439,1.0
Titan,1,organic deposits,0.9263140534818105,0.6436314540341174,0.6542902286533188,68.56068608004439,68.56068608004439,0.2
Titan,2,volatile frost,1025.4685872332304,0.6542902286533188,11.759901012464516,68.56068608004439,68.56068608004439,0.25
Titan,3,water ice Ih,13324.830265595101,11.759901012464516,177.7108015200088,68.56068608004439,268.4331400639709,0.08
Titan,4,liquid water,82016.29279130395,177.7108015200088,1287.9849691188672,268.4331400639709,1498.6775319335302,0.85
Titan,5,solid silicate crust,35000.0,1287.9849691188672,2780.4655825653804,518.5606860800444,1043.5606860800444,0.8
Triton,0,atmosphere,54678.534947891996,0,0.0021630469712656058,29.428847357956464,39.23846314394195,1.0
Triton,1,organic deposits,0.0007067552607232856,0.0021630469712656058,0.0021677460161450657,39.23846314394195,39.23846314394195,0.2
Triton,2,volatile frost,626.055184259779,0.0021677460161450657,3.9198049970942517,39.23846314394195,39.23846314394195,0.25
Triton,3,water ice Ih,15209.999999999998,3.9198049970942517,113.37557455238377,39.23846314394195,267.3884631439419,0.08
Triton,4,liquid water,155288.48526263447,113.37557455238377,1328.0527504304455,267.3884631439419,2596.715742083459,0.85
Triton,5,solid silicate crust,35000.0,1328.0527504304455,2190.4358074489023,489.23846314394194,1014.238463143942,0.8
Super Titan,0,atmosphere,11601.836725799294,0,14.924580383733222,59.27562564441133,79.03416752588177,1.0
Super Titan,1,organic deposits,0.6064257458660877,14.924580383733222,14.96285503025856,79.03416752588177,79.03416752588177,0.2
Super Titan,2,volatile frost,13634.797696054862,14.96285503025856,824.9037309301957,79.03416752588177,79.03416752588177,0.25
Super Titan,3,water ice Ih,12769.270370365983,824.9037309301957,1697.2090923860028,79.03416752588177,270.5732230813715,0.08
Super Titan,4,liquid water,70875.07631016524,1697.2090923860028,6959.903730930197,270.5732230813715,1333.69936773385,0.85
Super Titan,5,high-pressure water ice,342967.4939997269,6959.903730930197,40066.226455142314,1333.69936773385,6478.2117777297535,0.015
Super Titan,6,solid silicate crust,35000.0,40066.226455142314,48252.63152312925,529.0341675258818,1054.034167525882,0.8
Cold Water World,0,atmosphere,38360.094364731296,0,41.9244978960355,165.88408394383822,221.1787785917843,1.0
Cold Water World,1,organic deposits,5.759662476996343,41.9244978960355,42.23218284066211,221.1787785917843,221.1787785917843,0.2
Cold Water World,2,volatile frost,344.93155875148585,42.23218284066211,59.574742793588065,221.1787785917843,221.1787785917843,0.25
Cold Water World,3,water ice Ih,2889.069844548979,59.574742793588065,226.62077141425885,221.1787785917843,264.514826260019,0.08
Cold Water World,4,liquid water,94958.79330168347,226.62077141425885,6194.574862991183,264.514826260019,1688.8967257852712,0.85
Cold Water World,5,high-pressure water ice,1182547.9975710975,6194.574862991183,102811.32292570101,1688.8967257852712,19427.116689351733,0.015
Cold Water World,6,solid silicate crust,35000.0,102811.32292570101,109740.29617524515,671.1787785917843,1196.1787785917843,0.8
Migrated Hot Water World,0,atmosphere,111869.13166143913,0,91.95753528880257,483.765974369246,645.0212991589947,1.0
Migrated Hot Water World,1,organic deposits,31.158280738187937,91.95753528880257,93.62203106817842,645.0212991589947,645.0212991589947,0.2
Migrated Hot Water World,2,liquid water,3672.276403608442,93.62203106817842,324.41663393017427,645.0212991589947,700.1054452131214,0.85
Migrated Hot Water World,3,liquid water,2320783.486381326,324.41663393017427,102423.7607299301,700.1054452131214,35511.85774093301,0.5
Migrated Hot Water World,4,solid silicate crust,35000.0,102423.7607299301,109352.73397947424,1095.0212991589947,1620.0212991589947,0.8
Partial Melt World,0,atmosphere,147350.1894489792,0,0.0507633521919762,995.6249619757905,1327.499949301054,1.0
Partial Melt World,1,organic deposits,0.0014179163132890145,0.0507633521919762,0.050881705346371625,1327.499949301054,1327.499949301054,0.2
Partial Melt World,2,partially molten silicate,35000.0,0.050881705346371625,10826.571584118064,1327.4999705697985,1852.4999705697985,0.8
Molten World,0,atmosphere,237363.90634190012,0,0.1907978899001832,1603.8352655658334,2138.4470207544446,1.0
Molten World,1,organic deposits,0.011937897672381168,0.1907978899001832,0.19179434352239927,2138.4470207544446,2138.4470207544446,0.2
Molten World,2,molten silicate,35000.0,0.19179434352239927,10826.71249675624,2138.4471998229096,2663.4471998229096,0.8
Locked Earth,0,atmosphere,24422.03145391917,0,0.3528355649277707,165.0163072650755,220.02174302010067,1.0
Locked Earth,1,organic deposits,0.0019184708501758022,0.3528355649277707,0.35299569925629626,220.02174302010067,220.02174302010067,0.2
Locked Earth,2,water ice Ih,523.7635312030328,0.35299569925629626,47.67176011321866,220.02174302010067,227.87819598814616,0.08
Locked Earth,3,solid silicate crust,35000.0,47.67176011321866,10874.192462525936,227.87822476520893,752.8782247652089,0.8
Locked Wet Earth,0,atmosphere,33283.81254210412,0,8.711480025827445,224.89414313319244,299.85885751092326,1.0
Locked Wet Earth,1,organic deposits,0.049606898940566836,8.711480025827445,8.715620702476953,299.85885751092326,299.85885751092326,0.2
Locked Wet Earth,2,liquid water,2155.823134974794,8.715620702476953,220.41687967340565,299.85885751092326,332.1962045355452,0.85
Locked Wet Earth,3,solid silicate crust,35000.0,220.41687967340565,11046.937582086122,332.1969486390293,857.1969486390293,0.8
Desert World,0,atmosphere,36601.83299646831,0,0.36263997682606564,247.31355094708667,329.7514012627822,1.0
Desert World,1,organic deposits,0.0006569106274187088,0.36263997682606564,0.3626948090077552,329.7514012627822,329.7514012627822,0.2
Desert World,2,solid silicate crust,35000.0,0.3626948090077552,10826.883397221725,329.75141111644166,854.7514111164417,0.8
