name,T_K,P_bar,albedo,runaway,silicate_state,melt_fraction,surface_stack,volatile_shell_km,water_shell_km,water_total_kg_m2,upper_atm_kg_m2,tropopause_T_K,tropopause_P_bar,cold_trap_H2O,upper_T_K,hp_ice_km,ocean_crust_coupling,atmosphere_crust_coupling,organics_m,redox,water_fraction,carbon_fraction,nitrogen_fraction,sulfur_fraction,escaped_total_kg_m2,N2,CO2,CO,CH4,Ar,H2,He,H2O,formation_candidate_pressure_bar,initial_target_pressure_bar,formation_retained_fraction,formation_impact_loss_kg_m2
Earth,313.78415842161724,0.653491354201984,0.28789013067044,False,solid silicate crust,0.0,atmosphere > organic deposits > liquid water > solid silicate crust,0.42258016510561214,0.42257801938772577,422845.9982483617,143.12918204835714,189.9937582717811,0.11288051032830883,6.452129874246896e-06,322.23687452543,0.0,0.85,0.136,0.0021457178863502693,0.2850393593902501,0.00023,0.0001,2e-05,0.002,1295633.5224834867,0.07070303953118903,0.7487589805271552,0.07594457025241247,0.011325920732715504,0.0037704453477428517,0.0004081425093860192,0.0,0.08908890109939899,127.2886331859366,0.14060108029563295,0.0011045847282392467,1294789.98146865
Mars,217.8677492434758,1.66809724970483,0.633121471183993,False,solid silicate crust,0.0,atmosphere > organic deposits > water ice Ih > solid silicate crust,0.043444949690462364,0.04343045756318778,39956.08406767208,869.3013863452588,122.54671578638556,0.22263934787903938,1.1708008361916863e-13,216.5651294290357,0.0,0.0,0.0128,0.014492127274587988,0.25759232120135683,5e-05,8e-05,5e-06,0.002,393736.7376136222,0.04264310247291172,0.777577762321177,0.10251890011814803,0.008585743088924035,0.06582329311444376,0.0028479344257085074,0.0,3.2644586869717243e-06,16.25752957877049,5.327074810031009,0.3276681604188648,294420.06604774675
Venus,445.05532434711836,22.363699025764248,0.34471770339378577,False,solid silicate crust,0.0,atmosphere > organic deposits > liquid water > solid silicate crust,0.313594714381734,0.3134329679987982,357584.5253850336,5389.713683077283,292.79458105378217,5.164939713049927,0.004430221126905508,411.33939868953945,0.0,0.85,0.136,0.16174638293576818,0.3062480380503711,0.0002,0.0008,2e-05,0.002,3693645.7582353605,0.006994070789860457,0.6234440334995851,0.019812366294678065,0.006036475051223023,0.00034316897586810175,0.0003103218554226731,0.0,0.3430595635333626,329.40393960369823,1.5759855959123128,0.004784355638880219,3689015.5580896772
Moon,256.76361102500005,0.005870192449422978,0.22981862854147478,False,solid silicate crust,0.0,atmosphere > organic deposits > water ice Ih > solid silicate crust,0.0002487044440540936,0.00024866093797189714,239.0127167904083,7.2831022668612855,212.96794625814843,0.002054567357298042,0.009291487385864555,442.69736663695517,0.0,0.0,0.0128,4.3506082196506654e-05,0.2850393593902501,1e-06,1e-06,1e-07,0.0001,129693.50594399967,0.01020989151917115,0.12547992301328517,0.013421311206713842,0.0007361415347025203,0.7880050680282911,3.737352896881945e-05,0.0,0.062110291168867425,2.1122612769140945,0.1686125701847306,0.07982562196617311,119666.51008638511
Titan,68.56068608004439,0.6436314540341174,0.6937658196936128,False,solid silicate crust,0.0,atmosphere > organic deposits > volatile frost > water ice Ih > liquid water > solid silicate crust,96.36751795818576,95.34112305689904,94275136.63565144,599.3076309014795,56.41061045947813,0.22527100891194102,0.0,112.93802817726932,0.0,0.85,0.00272,0.9263140534818105,-0.5,0.08,0.004,0.0005,0.002,448699.52995469054,0.9417140079379233,6.136180313039035e-12,0.03179145952769169,0.026182534537688044,0.0003037800948594021,8.217895701430516e-06,0.0,0.0,6.082755242004108,0.03925087045381707,0.006452811085143209,446435.5188003238
Triton,39.23846314394195,0.0021630469712656058,0.6192143557781336,False,solid silicate crust,0.0,atmosphere > organic deposits > volatile frost > water ice Ih > liquid water > solid silicate crust,171.12454115364952,170.49848526263446,169281685.26263446,3.1382072371551213,55.0,0.000757066439942962,0.0,45.0,0.0,0.85,0.00272,0.0007067552607232856,-0.5,0.25,0.004,0.001,0.002,202489.89964672225,0.909824084493388,1.2941952296614665e-15,0.0040481720851691895,0.0017315567953457536,0.0843961623433176,2.428277824509307e-08,0.0,0.0,1.584278702429682,0.2936789814383853,0.18537078166107593,164994.68314142118
Super Titan,79.03416752588177,14.924580383733222,0.603603399903912,False,solid silicate crust,0.0,atmosphere > organic deposits > volatile frost > water ice Ih > liquid water > high-pressure water ice > solid silicate crust,440.24724480205884,426.6118406802581,528480547.25054693,9624.198314889036,60.169979576329204,5.223603134306627,0.0,142.5652619775014,342.9674939997269,0.0,4.0799999999999996e-05,0.6064257458660877,-0.5,0.08,0.004,0.0005,0.002,1810428.7560184312,0.00886233087612219,1.5422308709990872e-12,0.00045805667754138685,0.0003809661919291382,0.0005235062104558062,0.9897751400424093,0.0,0.0,148.09046066495708,14.86591037493097,0.10038398360150903,1794194.9546221532
Cold Water World,221.1787785917843,41.9244978960355,0.702140603651836,False,solid silicate crust,0.0,atmosphere > organic deposits > volatile frost > water ice Ih > liquid water > high-pressure water ice > solid silicate crust,1280.7465519385585,1280.39586071733,1634929134.6243365,19847.404523484074,124.83545182266595,5.663026020320021,1.1273239160467272e-14,397.40046516116774,1182.5479975710975,0.0,4.0799999999999996e-05,5.759662476996343,0.2,0.3,0.001,0.0001,0.002,601464.3533411383,0.06428985850834192,0.04864038936865776,0.0225460521243579,0.12883654887833926,0.0029074869479701563,0.7327795065369005,0.0,1.5763543251113827e-07,61.5918370917429,38.30153892259775,0.6218606349660663,370582.3764462054
Migrated Hot Water World,645.0212991589947,91.95753528880257,0.3157446559275339,True,solid silicate crust,0.0,atmosphere > organic deposits > liquid water > liquid water > solid silicate crust,2324.4869210656725,3.672276403608442,1629321874.9728522,11093.680263272097,320.0,7.908662669171576,0.013335231034697552,796.4153733392,0.0,0.85,0.068,31.158280738187937,0.2,0.3,0.001,0.0001,0.002,1573457.5456508754,0.005661425460212512,0.10512761574151741,0.0029476566447728053,0.00944265164091267,4.790278188817975e-05,0.0016420106431497348,0.00011434813289984309,0.875016388954647,97.94742844162943,0.9228747469535155,0.009422143711547173,1543801.1750935507
Partial Melt World,1327.499949301054,0.0507633521919762,0.25478784793518544,False,partially molten silicate,0.12736627460942967,atmosphere > organic deposits > partially molten silicate,1.4179163132890144e-06,0.0,1.0574594250911673e-05,18.09450322602548,320.0,0.0007614502828796431,1.0,5735.065664289111,0.0,0.0,0.2891563922266008,0.0014179163132890145,0.35,1e-06,1e-06,1e-07,0.0001,697475.5034103713,0.023942447124438306,0.5101629556144526,0.002700094883493379,0.0025764489442353013,0.4599732356228228,0.0006448178105576618,0.0,0.0,68.42880809806753,19.680727304136113,0.2876087988545851,496417.6447132479
Molten World,2138.4470207544446,0.1907978899001832,0.2731822819366838,False,molten silicate,1.0,atmosphere > organic deposits > molten silicate,1.1937897672381167e-05,0.0,9.751793574608314e-05,68.01571050265838,320.0,0.002861968348502748,1.0,11668.749690222485,0.0,0.0,0.8999999999999999,0.011937897672381168,0.35,1e-06,1e-06,1e-07,0.0001,715386.28016298,0.039119980383201115,0.9493540357607486,0.003464502648937253,0.006016204373231006,0.0006999924960742073,0.0013452843378077165,0.0,0.0,68.42880809806753,0.3557976627149565,0.0051995303236182545,693209.7214597393
Locked Earth,220.02174302010067,0.3528355649277707,0.5433046146923106,False,solid silicate crust,0.0,atmosphere > organic deposits > water ice Ih > solid silicate crust,0.523765449673883,0.5237635312030328,481890.775898453,69.21811468611462,167.39587489542785,0.12349244772471975,9.303953703221926e-08,310.28830766619217,0.0,0.0,0.0128,0.0019184708501758022,0.2850393593902501,0.00023,0.0001,2e-05,0.002,1234329.239104671,0.08518682728163676,0.7640482774395916,0.10974624813147695,0.009409624997619673,0.012842896966542155,0.0008842967832088432,0.0,0.01788182839992404,121.30260541039537,0.23957946391635546,0.001975056208445,1232824.3742816523
Locked Wet Earth,299.85885751092326,8.711480025827445,0.3614255941119605,False,solid silicate crust,0.0,atmosphere > organic deposits > liquid water > solid silicate crust,2.1558727418737345,2.155823134974794,2155987.476983491,1947.8605402409707,192.849938545283,1.8584510436383124,6.155026509729546e-07,340.5173146950534,0.0,0.85,0.136,0.049606898940566836,0.2850393593902501,0.001,0.0001,2e-05,0.002,1171286.4566516164,0.11665924012016964,0.8109766652453247,0.022204475419304485,0.006831581355294887,0.03830063298251806,0.0006851048591416793,0.0,0.004342300018246633,121.64642654892609,17.19060271228264,0.14131613397923032,1063707.8055393654
Desert World,329.7514012627822,0.36263997682606564,0.3411120943390752,False,solid silicate crust,0.0,atmosphere > organic deposits > solid silicate crust,6.569106274187088e-07,0.0,2.4268866120891186e-07,84.52840238575348,256.0913607976405,0.12692399188912296,0.012707042939032175,579.1296799592056,0.0,0.0,0.16000000000000003,0.0006569106274187088,0.2850393593902501,1e-07,1e-06,1e-06,0.002,784271.4685369843,0.11400763281939304,0.15783594530080972,0.01581072897611588,0.0009928099386410218,0.7061052882441369,0.00524759472090348,0.0,0.0,77.34776892194601,8.96644928470732,0.11592382572476831,696349.3348629974
