planet,age_Gyr,T_K,P_bar,silicate_state,melt_fraction
Dry Earth,0.017578125,309.8026604265774,15.597699999217689,solid silicate crust,0.0
Dry Earth,1.142578125,308.9677277484366,2.9009823718100827,solid silicate crust,0.0
Dry Earth,2.267578125,312.95783107135765,2.271245207536833,solid silicate crust,0.0
Dry Earth,3.392578125,319.42011688763444,2.3041817547883543,solid silicate crust,0.0
Dry Earth,4.482421875,328.4478962879337,2.368778973039629,solid silicate crust,0.0
Earth,0.017578125,219.57437823439852,0.4313536166577063,solid silicate crust,0.0
Earth,1.142578125,225.91235630733524,0.26705368992474415,solid silicate crust,0.0
Earth,2.267578125,231.72818702942067,0.29311906320267056,solid silicate crust,0.0
Earth,3.392578125,265.8404537126479,0.32369553029173215,solid silicate crust,0.0
Earth,4.482421875,296.47680826311864,0.4763749723205476,solid silicate crust,0.0
Venus,0.017578125,349.98588586257426,3.2772098082421954,solid silicate crust,0.0
Venus,1.142578125,405.0339492288836,10.434698905984844,solid silicate crust,0.0
Venus,2.267578125,421.2066632798662,15.672085604324725,solid silicate crust,0.0
Venus,3.392578125,423.5123204923111,18.26107060514519,solid silicate crust,0.0
Venus,4.482421875,444.6224683352095,23.024101263820288,solid silicate crust,0.0
Mars,0.017578125,202.95036792367665,1.8304475700048706,solid silicate crust,0.0
Mars,1.142578125,203.99781568912144,1.449129610963601,solid silicate crust,0.0
Mars,2.267578125,206.8130142055605,1.4516067285780014,solid silicate crust,0.0
Mars,3.392578125,211.38407720982556,1.478885864717215,solid silicate crust,0.0
Mars,4.482421875,216.50116791836444,1.5003551796985939,solid silicate crust,0.0
Moon,0.017578125,196.63594756709838,0.01009266015725785,solid silicate crust,0.0
Moon,1.142578125,210.3831813385845,0.04600005369466801,solid silicate crust,0.0
Moon,2.267578125,219.32018103367116,0.0722511341209551,solid silicate crust,0.0
Moon,3.392578125,227.0253922113242,0.09126316220239987,solid silicate crust,0.0
Moon,4.482421875,263.2424153929702,0.10539536185609613,solid silicate crust,0.0
Titan,0.017578125,65.06748529842267,0.31559826437068417,solid silicate crust,0.0
Titan,1.142578125,64.04647666971056,0.3066456534099099,solid silicate crust,0.0
Titan,2.267578125,65.3653656884811,0.3838629992100036,solid silicate crust,0.0
Titan,3.392578125,66.85205892831891,0.4898034063182986,solid silicate crust,0.0
Titan,4.482421875,68.43858976716534,0.6317952750150119,solid silicate crust,0.0
Triton,0.017578125,36.43433056355324,0.0021765504361364214,solid silicate crust,0.0
Triton,1.142578125,37.0208466286761,0.0021573938315465634,solid silicate crust,0.0
Triton,2.267578125,37.685996866838735,0.002158547315040272,solid silicate crust,0.0
Triton,3.392578125,38.42445500387527,0.002160348559816825,solid silicate crust,0.0
Triton,4.482421875,39.22476955935738,0.002162993725137448,solid silicate crust,0.0
Cold water world,0.017578125,150.84899923302993,1.823897158555874,solid silicate crust,0.0
Cold water world,1.142578125,144.34427005950488,0.7600999796489621,solid silicate crust,0.0
Cold water world,2.267578125,144.09273369821292,0.6618504543627883,solid silicate crust,0.0
Cold water world,3.392578125,149.70974984321504,0.6751940881305691,solid silicate crust,0.0
Cold water world,4.482421875,158.36613700677273,0.7245401384452874,solid silicate crust,0.0
Steam world,0.017578125,137.18195849671827,0.674233017918564,solid silicate crust,0.0
Steam world,1.142578125,313.0211335094994,1.6518897964374566,solid silicate crust,0.0
Steam world,2.267578125,320.6842166139163,1.7840650529709676,solid silicate crust,0.0
Steam world,3.392578125,330.84036898911063,1.9261894054850346,solid silicate crust,0.0
Steam world,4.482421875,362.93003784540616,2.9055325486181633,solid silicate crust,0.0
Carbon earth,0.017578125,276.628802873903,1.1634340621687342,carbon-rich silicate crust,0.0
Carbon earth,1.142578125,361.5358488949346,73.42650025442607,carbon-rich silicate crust,0.0
Carbon earth,2.267578125,377.90147392397733,125.71250125989145,carbon-rich silicate crust,0.0
Carbon earth,3.392578125,391.3917542960963,163.5982293907866,carbon-rich silicate crust,0.0
Carbon earth,4.482421875,411.1608702106443,190.563170634888,carbon-rich silicate crust,0.0
Reducing earth,0.017578125,311.9381202119589,5.139370250644729,solid silicate crust,0.0
Reducing earth,1.142578125,323.8422344580746,12.444554475626505,solid silicate crust,0.0
Reducing earth,2.267578125,338.65759468706256,18.73190665980266,solid silicate crust,0.0
Reducing earth,3.392578125,350.57829495929207,23.3525153723387,solid silicate crust,0.0
Reducing earth,4.482421875,361.96044268577054,26.628466407402442,solid silicate crust,0.0
Super earth,0.017578125,344.3317015819452,9.830922700165178,solid silicate crust,0.0
Super earth,1.142578125,377.7283442080962,50.56382658663868,solid silicate crust,0.0
Super earth,2.267578125,393.7155710980253,80.34711574273446,solid silicate crust,0.0
Super earth,3.392578125,415.2101416000468,95.89479827249775,solid silicate crust,0.0
Super earth,4.482421875,425.0032354612458,109.4593711299456,solid silicate crust,0.0
Partial melt,0.017578125,474.0027826459591,2.171054688597167,solid silicate crust,0.0
Partial melt,1.142578125,497.7331166425175,3.5662918377604913,solid silicate crust,0.0
Partial melt,2.267578125,516.0221972097705,5.252221165948684,solid silicate crust,0.0
Partial melt,3.392578125,532.648268013616,6.491441112463739,solid silicate crust,0.0
Partial melt,4.482421875,548.1537813674565,7.361303819907463,solid silicate crust,0.0
Magma ocean,0.017578125,559.2450636293596,0.5058116914058153,solid silicate crust,0.0
Magma ocean,1.142578125,608.740121329495,2.555110940227972,solid silicate crust,0.0
Magma ocean,2.267578125,635.7605190362244,4.124473171619071,solid silicate crust,0.0
Magma ocean,3.392578125,657.170784210749,5.261652810820921,solid silicate crust,0.0
Magma ocean,4.482421875,676.3605076126972,6.049333814983574,solid silicate crust,0.0
