planet,column,level_index,z_m,pressure_bar,temperature_k,H2O_x,CH4_x,CO2_x
Dry Earth,equator,0,0.0,2.9920247075076465,333.4114514130931,0.05263390136934395,0.0024832839761095003,0.35769585102227697
Dry Earth,equator,1,585.2871894242043,2.801677182238251,327.8666783388817,0.05263390136934395,0.0024832839761095003,0.35769585102227697
Dry Earth,equator,2,1160.8408060066686,2.623439242924235,322.4141171797506,0.04690900027167925,0.0024832839761095003,0.35769585102227697
Dry Earth,equator,3,1729.6510601429989,2.456540498294143,320.24778937771225,0.04492720865931599,0.0024832839761095003,0.35769585102227697
Dry Earth,equator,4,2294.625254728605,2.3002595680594977,318.080001670037,0.04295298014454497,0.0024832839761095003,0.35769585102227697
Dry Earth,equator,5,2855.7595160917717,2.1539209649193847,315.9092972569361,0.04098801970748052,0.0024832839761095003,0.35769585102227697
Dry Earth,equator,6,3413.047302721115,2.016892174926605,313.73411871875885,0.03903413622336142,0.0024832839761095003,0.35769585102227697
Dry Earth,equator,7,3966.47921702697,1.8885809235959685,311.5527965770785,0.03709325212165587,0.0024832839761095003,0.35769585102227697
Dry Earth,equator,8,4516.042795742511,1.7684326159381305,309.3635366000335,0.03516741407767843,0.0024832839761095003,0.35769585102227697
Dry Earth,equator,9,5061.722276653262,1.6559279393541233,307.1644057519669,0.033258804801593066,0.0024832839761095003,0.35769585102227697
Dry Earth,equator,10,5603.498339181875,1.5505806190296634,304.9533167045334,0.03136975596966493,0.0024832839761095003,0.35769585102227697
Dry Earth,equator,11,6141.347816237618,1.4519353161274549,302.7280108594607,0.029502762308057706,0.0024832839761095003,0.35769585102227697
Dry Earth,equator,12,6675.24337470214,1.3595656596929275,300.4860398899381,0.02766049678365666,0.0024832839761095003,0.35769585102227697
Dry Earth,equator,13,7205.153162016618,1.2730724037667847,298.2247458993772,0.025845826770023367,0.0024832839761095003,0.35769585102227697
Dry Earth,equator,14,7731.04041663633,1.1920817017389174,295.94124043878355,0.024061830926803265,0.0024832839761095003,0.35769585102227697
Dry Earth,equator,15,8252.863040735974,1.116243490484991,293.6323828389703,0.02231181634039253,0.0024832839761095003,0.35769585102227697
Dry Earth,equator,16,8770.573134637323,1.0452299773015117,291.29475863084735,0.020599335199464122,0.0024832839761095003,0.35769585102227697
Dry Earth,equator,17,9284.116494204784,0.9787342230995152,288.9246592850025,0.01892819989171718,0.0024832839761095003,0.35769585102227697
Dry Earth,equator,18,9793.432075207864,0.9164688157330618,286.51806515015033,0.017302494872216367,0.0024832839761095003,0.35769585102227697
Dry Earth,equator,19,10298.45143277114,0.8581646277283188,284.0706343676525,0.01572658292877827,0.0024832839761095003,0.35769585102227697
Dry Earth,equator,20,10799.098150019106,0.8035696530438058,281.5777017490126,0.014205102517666669,0.0024832839761095003,0.35769585102227697
Dry Earth,equator,21,11295.28727847392,0.7524479178339757,279.03429317720264,0.012742951640399021,0.0024832839761095003,0.35769585102227697
Dry Earth,equator,22,11786.924824332646,0.7045784605081656,276.43516304162563,0.01134525229863052,0.0024832839761095003,0.35769585102227697
Dry Earth,equator,23,12273.907330023349,0.6597543766764625,273.7748644525479,0.01001728800547708,0.0024832839761095003,0.35769585102227697
Dry Earth,equator,24,12756.121619675056,0.6177819248544897,271.04786422235185,0.00876440541368789,0.0024832839761095003,0.35769585102227697
Dry Earth,equator,25,13233.444799801975,0.5784796890617342,268.2487162343628,0.007591870363280211,0.0024832839761095003,0.35769585102227697
Dry Earth,equator,26,13705.744630539071,0.5416777946939454,265.3723067360141,0.006504669424294776,0.0024832839761095003,0.35769585102227697
Dry Earth,equator,27,14172.880403612455,0.507217174280398,262.4141815725841,0.005507251569297275,0.0024832839761095003,0.35769585102227697
Dry Earth,equator,28,14634.704472838179,0.47494887995242996,259.37095620306894,0.004603212429585858,0.0024832839761095003,0.35769585102227697
Dry Earth,equator,29,15091.064569465141,0.444733439651563,256.2407924289063,0.0037949368032044275,0.0024832839761095003,0.35769585102227697
Dry Earth,equator,30,15541.80698399756,0.4164402542945685,253.02390064445365,0.0030832333778892627,0.0024832839761095003,0.35769585102227697
Dry Earth,equator,31,15986.780596731736,0.3899470332898665,249.722996493881,0.002467015752834318,0.0024832839761095003,0.35769585102227697
Dry Earth,midlatitude,0,0.0,2.9920247075076465,327.6585476229225,0.04013476038099462,0.0024832839761095003,0.35769585102227697
Dry Earth,midlatitude,1,575.1882534815243,2.801677182238251,322.20944776539,0.04013476038099462,0.0024832839761095003,0.35769585102227697
Dry Earth,midlatitude,2,1140.8108836858955,2.623439242924235,316.8509687369882,0.03534399959450435,0.0024832839761095003,0.35769585102227697
Dry Earth,midlatitude,3,1699.648754003912,2.456540498294143,314.5437865147525,0.033451613329875514,0.0024832839761095003,0.35769585102227697
Dry Earth,midlatitude,4,2254.3930105241343,2.3002595680594977,312.22585934616825,0.03157786009593858,0.0024832839761095003,0.35769585102227697
Dry Earth,midlatitude,5,2805.0226353010867,2.1539209649193847,309.89493030710986,0.029725221912047982,0.0024832839761095003,0.35769585102227697
Dry Earth,midlatitude,6,3351.5124556346277,2.016892174926605,307.54856213320505,0.027896352988511623,0.0024832839761095003,0.35769585102227697
Dry Earth,midlatitude,7,3893.8328088109247,1.8885809235959685,305.1841191128359,0.026094094475376355,0.0024832839761095003,0.35769585102227697
Dry Earth,midlatitude,8,4431.949174038259,1.7684326159381305,302.7987481297158,0.024321489722390167,0.0024832839761095003,0.35769585102227697
Dry Earth,midlatitude,9,4965.8217704894205,1.6559279393541233,300.38935932633126,0.022581799599603533,0.0024832839761095003,0.35769585102227697
Dry Earth,midlatitude,10,5495.405121457926,1.5505806190296634,297.9526071547042,0.020878517175744318,0.0024832839761095003,0.35769585102227697
Dry Earth,midlatitude,11,6020.647586363054,1.4519353161274549,295.48487300008804,0.01921538070042156,0.0024832839761095003,0.35769585102227697
Dry Earth,midlatitude,12,6541.490864954195,1.3595656596929275,292.98225114707344,0.01759638335715314,0.0024832839761095003,0.35769585102227697
Dry Earth,midlatitude,13,7057.869481901592,1.2730724037667847,290.4405406533391,0.01602577761529641,0.0024832839761095003,0.35769585102227697
Dry Earth,midlatitude,14,7569.710265436072,1.1920817017389174,287.85524675223525,0.014508071181237318,0.0024832839761095003,0.35769585102227697
Dry Earth,midlatitude,15,8076.931841307731,1.116243490484991,285.2215967581018,0.013048010518332659,0.0024832839761095003,0.35769585102227697
Dry Earth,midlatitude,16,8579.444173597249,1.0452299773015117,282.53457709669806,0.011650546693142999,0.0024832839761095003,0.35769585102227697
Dry Earth,midlatitude,17,9077.148197281951,0.9787342230995152,279.78899994252566,0.010320777007509416,0.0024832839761095003,0.35769585102227697
Dry Earth,midlatitude,18,9569.935604090057,0.9164688157330618,276.97960977191974,0.009063854715549977,0.0024832839761095003,0.35769585102227697
Dry Earth,midlatitude,19,10057.688862564564,0.8581646277283188,274.1012414282629,0.007884858526173879,0.0024832839761095003,0.35769585102227697
Dry Earth,midlatitude,20,10540.281573657212,0.8035696530438058,271.14904115050575,0.006788614252895636,0.0024832839761095003,0.35769585102227697
Dry Earth,midlatitude,21,11017.57928084317,0.7524479178339757,268.1187590782066,0.00577946388759596,0.0024832839761095003,0.35769585102227697
Dry Earth,midlatitude,22,11489.440862203899,0.7045784605081656,265.00711427467337,0.0048609837110664255,0.0024832839761095003,0.35769585102227697
Dry Earth,midlatitude,23,11955.720621677969,0.6597543766764625,261.8122196484785,0.004035663742751276,0.0024832839761095003,0.35769585102227697
Dry Earth,midlatitude,24,12416.271156328407,0.6177819248544897,258.53403380280076,0.003304575760143042,0.0024832839761095003,0.35769585102227697
Dry Earth,midlatitude,25,12870.946996244607,0.5784796890617342,255.17478213589317,0.002667074002703536,0.0024832839761095003,0.35769585102227697
Dry Earth,midlatitude,26,13319.6088918929,0.5416777946939454,251.73926725096703,0.0021205862080089003,0.0024832839761095003,0.35769585102227697
Dry Earth,midlatitude,27,13762.128474598429,0.507217174280398,248.23498012324768,0.0016605550175664468,0.0024832839761095003,0.35769585102227697
Dry Earth,midlatitude,28,14198.392874091052,0.47494887995242996,244.67194042231307,0.0012805738252399512,0.0024832839761095003,0.35769585102227697
Dry Earth,midlatitude,29,14628.308792307249,0.444733439651563,241.0622418486041,0.0009727253964223946,0.0024832839761095003,0.35769585102227697
Dry Earth,midlatitude,30,15051.805550437753,0.4164402542945685,237.41934673369897,0.000728084615222388,0.0024832839761095003,0.35769585102227697
Dry Earth,midlatitude,31,15468.836762126142,0.3899470332898665,233.75723921686603,0.0005373056462992704,0.0024832839761095003,0.35769585102227697
Dry Earth,pole,0,0.0,2.9920247075076465,313.0882955517369,0.0191892198354954,0.0024832839761095003,0.35769585102227697
Dry Earth,pole,1,549.6109019904364,2.801677182238251,307.88150513206676,0.0191892198354954,0.0024832839761095003,0.35769585102227697
Dry Earth,pole,2,1090.0815428478704,2.623439242924235,302.76130583336646,0.016359558339610867,0.0024832839761095003,0.35769585102227697
Dry Earth,pole,3,1623.5591223843246,2.456540498294143,299.9804975666583,0.014861137193500719,0.0024832839761095003,0.35769585102227697
Dry Earth,pole,4,2152.074803470429,2.3002595680594977,297.1551777879287,0.013417635687320378,0.0024832839761095003,0.35769585102227697
Dry Earth,pole,5,2675.5457084032773,2.1539209649193847,294.2807313665381,0.012033705149754628,0.0024832839761095003,0.35769585102227697
Dry Earth,pole,6,3193.8806863357045,2.016892174926605,291.35242614266974,0.010714107931133064,0.0024832839761095003,0.35769585102227697
Dry Earth,pole,7,3706.9801918928815,1.8885809235959685,288.3655098424185,0.00946363687923262,0.0024832839761095003,0.35769585102227697
Dry Earth,pole,8,4214.7363721087395,1.7684326159381305,285.31534852981474,0.00828700246367643,0.0024832839761095003,0.35769585102227697
Dry Earth,pole,9,4717.0334423640725,1.6559279393541233,282.19761467909166,0.007188682099516056,0.0024832839761095003,0.35769585102227697
Dry Earth,pole,10,5213.7484441660345,1.5505806190296634,279.0085305203107,0.0061727284782416335,0.0024832839761095003,0.35769585102227697
Dry Earth,pole,11,5704.752482708685,1.4519353161274549,275.74516676729854,0.005242538308110647,0.0024832839761095003,0.35769585102227697
Dry Earth,pole,12,6189.912533790469,1.3595656596929275,272.40578716927615,0.004400590373008797,0.0024832839761095003,0.35769585102227697
Dry Earth,pole,13,6669.093880284668,1.2730724037667847,268.99021525040865,0.0036481721805472203,0.0024832839761095003,0.35769585102227697
Dry Earth,pole,14,7142.163181390755,1.1920817017389174,265.50018250844863,0.002985126343216664,0.0024832839761095003,0.35769585102227697
Dry Earth,pole,15,7608.992091560222,1.116243490484991,261.9396012577323,0.002409658065582605,0.0024832839761095003,0.35769585102227697
Dry Earth,pole,16,8069.461238072687,1.0452299773015117,258.31469700191457,0.0019182488944234867,0.0024832839761095003,0.35769585102227697
Dry Earth,pole,17,8523.464257395184,0.9787342230995152,254.63394247656896,0.001505714280888507,0.0024832839761095003,0.35769585102227697
Dry Earth,pole,18,8970.911512392056,0.9164688157330618,250.90776302031014,0.0011654212658501696,0.0024832839761095003,0.35769585102227697
Dry Earth,pole,19,9411.73309828347,0.8581646277283188,247.14802760676756,0.000889651082160507,0.0024832839761095003,0.35769585102227697
Dry Earth,pole,20,9845.880814069737,0.8035696530438058,243.36738895936494,0.0006700590841819522,0.0024832839761095003,0.35769585102227697
Dry Earth,pole,21,10273.328919793044,0.7524479178339757,239.57857163275335,0.0004981630635319354,0.0024832839761095003,0.35769585102227697
Dry Earth,pole,22,10694.073681948652,0.7045784605081656,235.79371473988485,0.00036578884966550026,0.0024832839761095003,0.35769585102227697
Dry Earth,pole,23,11108.131878900427,0.6597543766764625,232.02385420112014,0.00026541892300326595,0.0024832839761095003,0.35769585102227697
Dry Earth,pole,24,11515.53855249684,0.6177819248544897,228.27858882577942,0.0001904175285697355,0.0024832839761095003,0.35769585102227697
Dry Earth,pole,25,11916.34433266018,0.5784796890617342,224.56593176067008,0.00013513359792015806,0.0024832839761095003,0.35769585102227697
Dry Earth,pole,26,12310.612636414038,0.5416777946939454,220.89231717747575,9.490256402692981e-05,0.0024832839761095003,0.35769585102227697
Dry Earth,pole,27,12698.416975963724,0.507217174280398,217.26271679722063,6.597713855005206e-05,0.0024832839761095003,0.35769585102227697
Dry Earth,pole,28,13079.838529290699,0.47494887995242996,213.6808199634075,4.541703467837462e-05,0.0024832839761095003,0.35769585102227697
Dry Earth,pole,29,13454.964051833811,0.444733439651563,210.14923894080485,3.0962156099564155e-05,0.0024832839761095003,0.35769585102227697
Dry Earth,pole,30,13823.884149961954,0.4164402542945685,206.66971238135937,2.090644557010915e-05,0.0024832839761095003,0.35769585102227697
Dry Earth,pole,31,14186.691898581286,0.3899470332898665,203.24329067367643,1.398271282765346e-05,0.0024832839761095003,0.35769585102227697
